id;Código IBGE;Nome do Município
985;5200050;Abadia de Goiás
986;5200100;Abadiânia
987;5200134;Acreúna
988;5200159;Adelândia
989;5200175;Água Fria de Goiás
990;5200209;Água Limpa
991;5200258;Águas Lindas de Goiás
992;5200308;Alexânia
993;5200506;Aloândia
994;5200555;Alto Horizonte
995;5200605;Alto Paraíso de Goiás
996;5200803;Alvorada do Norte
997;5200829;Amaralina
998;5200852;Americano do Brasil
999;5200902;Amorinópolis
1000;5201108;Anápolis
1001;5201207;Anhanguera
1002;5201306;Anicuns
1003;5201405;Aparecida de Goiânia
1004;5201454;Aparecida do Rio Doce
1005;5201504;Aporé
1006;5201603;Araçu
1007;5201702;Aragarças
1008;5201801;Aragoiânia
1009;5202155;Araguapaz
1010;5202353;Arenópolis
1011;5202502;Aruanã
1012;5202601;Aurilândia
1013;5202809;Avelinópolis
1014;5203104;Baliza
1015;5203203;Barro Alto
1016;5203302;Bela Vista de Goiás
1017;5203401;Bom Jardim de Goiás
1018;5203500;Bom Jesus de Goiás
1019;5203559;Bonfinópolis
1020;5203575;Bonópolis
1021;5203609;Brazabrantes
1022;5203807;Britânia
1023;5203906;Buriti Alegre
1024;5203939;Buriti de Goiás
1025;5203962;Buritinópolis
1026;5204003;Cabeceiras
1027;5204102;Cachoeira Alta
1028;5204201;Cachoeira de Goiás
1029;5204250;Cachoeira Dourada
1030;5204300;Caçu
1031;5204409;Caiapônia
1032;5204508;Caldas Novas
1033;5204557;Caldazinha
1034;5204607;Campestre de Goiás
1035;5204656;Campinaçu
1036;5204706;Campinorte
1037;5204805;Campo Alegre de Goiás
1038;5204854;Campo Limpo de Goiás
1039;5204904;Campos Belos
1040;5204953;Campos Verdes
1041;5205000;Carmo do Rio Verde
1042;5205059;Castelândia
1043;5205109;Catalão
1044;5205208;Caturaí
1045;5205307;Cavalcante
1046;5205406;Ceres
1047;5205455;Cezarina
1048;5205471;Chapadão do Céu
1049;5205497;Cidade Ocidental
1050;5205513;Cocalzinho de Goiás
1051;5205521;Colinas do Sul
1052;5205703;Córrego do Ouro
1053;5205802;Corumbá de Goiás
1054;5205901;Corumbaíba
1055;5206206;Cristalina
1056;5206305;Cristianópolis
1057;5206404;Crixás
1058;5206503;Cromínia
1059;5206602;Cumari
1060;5206701;Damianópolis
1061;5206800;Damolândia
1062;5206909;Davinópolis
1063;5207105;Diorama
1064;5208301;Divinópolis de Goiás
1065;5207253;Doverlândia
1066;5207352;Edealina
1067;5207402;Edéia
1068;5207501;Estrela do Norte
1069;5207535;Faina
1070;5207600;Fazenda Nova
1071;5207808;Firminópolis
1072;5207907;Flores de Goiás
1073;5208004;Formosa
1074;5208103;Formoso
1075;5208152;Gameleira de Goiás
1076;5208400;Goianápolis
1077;5208509;Goiandira
1078;5208608;Goianésia
1079;5208707;Goiânia
1080;5208806;Goianira
1081;5208905;Goiás
1082;5209101;Goiatuba
1083;5209150;Gouvelândia
1084;5209200;Guapó
1085;5209291;Guaraíta
1086;5209408;Guarani de Goiás
1087;5209457;Guarinos
1088;5209606;Heitoraí
1089;5209705;Hidrolândia
1090;5209804;Hidrolina
1091;5209903;Iaciara
1092;5209937;Inaciolândia
1093;5209952;Indiara
1094;5210000;Inhumas
1095;5210109;Ipameri
1096;5210158;Ipiranga de Goiás
1097;5210208;Iporá
1098;5210307;Israelândia
1099;5210406;Itaberaí
1100;5210562;Itaguari
1101;5210604;Itaguaru
1102;5210802;Itajá
1103;5210901;Itapaci
1104;5211008;Itapirapuã
1105;5211206;Itapuranga
1106;5211305;Itarumã
1107;5211404;Itauçu
1108;5211503;Itumbiara
1109;5211602;Ivolândia
1110;5211701;Jandaia
1111;5211800;Jaraguá
1112;5211909;Jataí
1113;5212006;Jaupaci
1114;5212055;Jesúpolis
1115;5212105;Joviânia
1116;5212204;Jussara
1117;5212253;Lagoa Santa
1118;5212303;Leopoldo de Bulhões
1119;5212501;Luziânia
1120;5212600;Mairipotaba
1121;5212709;Mambaí
1122;5212808;Mara Rosa
1123;5212907;Marzagão
1124;5212956;Matrinchã
1125;5213004;Maurilândia
1126;5213053;Mimoso de Goiás
1127;5213087;Minaçu
1128;5213103;Mineiros
1129;5213400;Moiporá
1130;5213509;Monte Alegre de Goiás
1131;5213707;Montes Claros de Goiás
1132;5213756;Montividiu
1133;5213772;Montividiu do Norte
1134;5213806;Morrinhos
1135;5213855;Morro Agudo de Goiás
1136;5213905;Mossâmedes
1137;5214002;Mozarlândia
1138;5214051;Mundo Novo
1139;5214101;Mutunópolis
1140;5214408;Nazário
1141;5214507;Nerópolis
1142;5214606;Niquelândia
1143;5214705;Nova América
1144;5214804;Nova Aurora
1145;5214838;Nova Crixás
1146;5214861;Nova Glória
1147;5214879;Nova Iguaçu de Goiás
1148;5214903;Nova Roma
1149;5215009;Nova Veneza
1150;5215207;Novo Brasil
1151;5215231;Novo Gama
1152;5215256;Novo Planalto
1153;5215306;Orizona
1154;5215405;Ouro Verde de Goiás
1155;5215504;Ouvidor
1156;5215603;Padre Bernardo
1157;5215652;Palestina de Goiás
1158;5215702;Palmeiras de Goiás
1159;5215801;Palmelo
1160;5215900;Palminópolis
1161;5216007;Panamá
1162;5216304;Paranaiguara
1163;5216403;Paraúna
1164;5216452;Perolândia
1165;5216809;Petrolina de Goiás
1166;5216908;Pilar de Goiás
1167;5217104;Piracanjuba
1168;5217203;Piranhas
1169;5217302;Pirenópolis
1170;5217401;Pires do Rio
1171;5217609;Planaltina
1172;5217708;Pontalina
1173;5218003;Porangatu
1174;5218052;Porteirão
1175;5218102;Portelândia
1176;5218300;Posse
1177;5218391;Professor Jamil
1178;5218508;Quirinópolis
1179;5218607;Rialma
1180;5218706;Rianápolis
1181;5218789;Rio Quente
1182;5218805;Rio Verde
1183;5218904;Rubiataba
1184;5219001;Sanclerlândia
1185;5219100;Santa Bárbara de Goiás
1186;5219209;Santa Cruz de Goiás
1187;5219258;Santa Fé de Goiás
1188;5219308;Santa Helena de Goiás
1189;5219357;Santa Isabel
1190;5219407;Santa Rita do Araguaia
1191;5219456;Santa Rita do Novo Destino
1192;5219506;Santa Rosa de Goiás
1193;5219605;Santa Tereza de Goiás
1194;5219704;Santa Terezinha de Goiás
1195;5219712;Santo Antônio da Barra
1196;5219738;Santo Antônio de Goiás
1197;5219753;Santo Antônio do Descoberto
1198;5219803;São Domingos
1199;5219902;São Francisco de Goiás
1200;5220009;São João d'Aliança
1201;5220058;São João da Paraúna
1202;5220108;São Luís de Montes Belos
1203;5220157;São Luiz do Norte
1204;5220207;São Miguel do Araguaia
1205;5220264;São Miguel do Passa Quatro
1206;5220280;São Patrício
1207;5220405;São Simão
1208;5220454;Senador Canedo
1209;5220504;Serranópolis
1210;5220603;Silvânia
1211;5220686;Simolândia
1212;5220702;Sítio d'Abadia
1213;5221007;Taquaral de Goiás
1214;5221080;Teresina de Goiás
1215;5221197;Terezópolis de Goiás
1216;5221304;Três Ranchos
1217;5221403;Trindade
1218;5221452;Trombas
1219;5221502;Turvânia
1220;5221551;Turvelândia
1221;5221577;Uirapuru
1222;5221601;Uruaçu
1223;5221700;Uruana
1224;5221809;Urutaí
1225;5221858;Valparaíso de Goiás
1226;5221908;Varjão
1227;5222005;Vianópolis
1228;5222054;Vicentinópolis
1229;5222203;Vila Boa
1230;5222302;Vila Propício
